"keyword","day","impressions","clicks","rank","ctr"
"flight tickets",1,43778,660,4,0.0150760656037279
"flight tickets",2,19297,126,7,0.00652951235943411
"flight tickets",3,25208,580,3,0.0230085687083466
"flight tickets",4,33606,506,4,0.0150568350889722
"flight tickets",5,22349,184,6,0.00823303056065148
"flight tickets",6,27927,230,6,0.00823575751065277
"flight tickets",7,26037,599,3,0.0230057226254945
"flight tickets",8,36509,395,5,0.0108192500479334
"flight tickets",9,26613,288,5,0.0108217788298952
"flight tickets",10,27764,229,6,0.00824809105316237
"flight tickets",11,43606,657,4,0.0150667339356969
"flight tickets",12,44041,663,4,0.0150541540836947
"flight tickets",13,26804,176,7,0.00656618415161916
"flight tickets",14,31968,481,4,0.0150462962962963
"flight tickets",15,24638,1022,2,0.0414806396623103
"flight tickets",16,39056,899,3,0.0230182302335109
"flight tickets",17,24917,205,6,0.00822731468475338
"flight tickets",18,28804,434,4,0.0150673517567005
"flight tickets",19,21779,235,5,0.0107902107534781
"flight tickets",20,39550,428,5,0.0108217446270544
"flight tickets",21,25148,1043,2,0.041474471130905
"flight tickets",22,26499,174,7,0.00656628552020831
"flight tickets",23,29890,323,5,0.0108062897290064
"flight tickets",24,37704,1564,2,0.0414810099724167
"flight tickets",25,40183,1667,2,0.0414852051862728
"flight tickets",26,37716,247,7,0.00654894474493584
"flight tickets",27,34309,789,3,0.0229968812847941
"flight tickets",28,31110,469,4,0.0150755384120861
"flight tickets",29,23097,250,5,0.0108239165259558
"flight tickets",30,49127,532,5,0.0108290756610418
"flight tickets",31,28337,234,6,0.00825775487878039
"flight tickets",32,26697,1107,2,0.0414653331835038
"flight tickets",33,38495,318,6,0.00826081309260943
"flight tickets",34,34906,526,4,0.0150690425714777
"flight tickets",35,39565,428,5,0.010817641855175
"flight tickets",36,28366,1177,2,0.0414933370937037
"flight tickets",37,18982,787,2,0.0414603308397429
"flight tickets",38,22263,241,5,0.0108251358756681
"flight tickets",39,24022,260,5,0.0108234118724503
"flight tickets",40,36230,392,5,0.0108197626276566
"flight tickets",41,25109,272,5,0.010832769126608
"flight tickets",42,29599,1228,2,0.0414878881043278
"flight tickets",43,20288,219,5,0.0107945583596215
"flight tickets",44,26374,173,7,0.00655949040721923
"flight tickets",45,36360,548,4,0.0150715071507151
"flight tickets",46,37113,306,6,0.00824508932180099
"flight tickets",47,47641,1977,2,0.0414978694821687
"flight tickets",48,28192,425,4,0.0150751986379115
"flight tickets",49,33857,779,3,0.0230085359009954
"flight tickets",50,33802,1402,2,0.0414768356901958
"flight tickets",51,24290,159,7,0.00654590366405928
"flight tickets",52,34484,373,5,0.0108166106020183
"flight tickets",53,29949,247,6,0.00824735383485258
"flight tickets",54,19187,207,5,0.0107885547506124
"flight tickets",55,23732,257,5,0.0108292600707905
"flight tickets",56,29409,3208,1,0.109082253731851
"flight tickets",57,22562,519,3,0.023003279851077
"flight tickets",58,23938,551,3,0.0230177959729301
"flight tickets",59,32563,749,3,0.0230015661947609
"flight tickets",60,23664,544,3,0.0229885057471264
"flight tickets",61,34350,225,7,0.00655021834061135
"flight tickets",62,36188,545,4,0.0150602409638554
"flight tickets",63,27218,410,4,0.0150635608788302
"flight tickets",64,22956,248,5,0.0108032758320265
"flight tickets",65,23493,540,3,0.0229855701698378
"flight tickets",66,31447,474,4,0.015072979934493
"flight tickets",67,26099,393,4,0.0150580482010805
"flight tickets",68,36742,303,6,0.00824669315769419
"flight tickets",69,29283,674,3,0.023016767407711
"flight tickets",70,36632,1520,2,0.04149377593361
"flight tickets",71,26427,608,3,0.0230067733757142
"flight tickets",72,28860,664,3,0.023007623007623
"flight tickets",73,36066,830,3,0.0230133643875118
"flight tickets",74,29671,321,5,0.010818644467662
"flight tickets",75,21088,317,4,0.0150322458270106
"flight tickets",76,30093,326,5,0.0108330841059383
"flight tickets",77,29414,1220,2,0.0414768477595703
"flight tickets",78,25747,278,5,0.0107973744513924
"flight tickets",79,28550,235,6,0.00823117338003503
"flight tickets",80,20356,468,3,0.0229907643937905
"flight tickets",81,24944,206,6,0.00825849903784477
"flight tickets",82,30992,467,4,0.0150684047496128
"flight tickets",83,28355,652,3,0.0229941809204726
"flight tickets",84,25600,211,6,0.0082421875
"flight tickets",85,29082,438,4,0.0150608623891067
"flight tickets",86,34066,223,7,0.00654611636235543
"flight tickets",87,27626,416,4,0.0150582784333599
"flight tickets",88,20065,461,3,0.022975330176925
"flight tickets",89,39091,900,3,0.0230232022716226
"flight tickets",90,41899,631,4,0.0150600252989331
"flight tickets",91,46272,501,5,0.0108272821576763
"flight tickets",92,31301,471,4,0.0150474425737197
"flight tickets",93,30745,254,6,0.00826150593592454
"flight tickets",94,39686,913,3,0.0230055939122109
"flight tickets",95,30144,249,6,0.00826035031847134
"flight tickets",96,34590,796,3,0.0230124313385371
"flight tickets",97,27094,223,6,0.00823060456189562
"flight tickets",98,23321,351,4,0.0150508125723597
"flight tickets",99,34150,1417,2,0.041493411420205
"flight tickets",100,40830,268,7,0.00656380112662258
"flight tickets",101,20090,2191,1,0.109059233449477
"flight tickets",102,33612,506,4,0.0150541473283351
"flight tickets",103,19561,450,3,0.0230049588466847
"flight tickets",104,27537,227,6,0.00824345426153902
"flight tickets",105,28249,425,4,0.0150447803462069
"flight tickets",106,28477,655,3,0.0230010183656986
"flight tickets",107,35683,821,3,0.0230081551439061
"flight tickets",108,25209,580,3,0.0230076559958745
"flight tickets",109,29321,317,5,0.0108113638688994
"flight tickets",110,36126,1499,2,0.0414936610751259
"flight tickets",111,29291,441,4,0.015055819193609
"flight tickets",112,40744,614,4,0.0150697035146279
"flight tickets",113,34747,523,4,0.0150516591360405
"flight tickets",114,25853,389,4,0.0150466096777937
"flight tickets",115,17744,192,5,0.0108205590622182
"flight tickets",116,36151,237,7,0.00655583524660452
"flight tickets",117,28752,661,3,0.0229897050639955
"flight tickets",118,27186,409,4,0.0150445082027514
"flight tickets",119,32287,486,4,0.0150524979093753
"flight tickets",120,24918,1034,2,0.04149610723172
"flight tickets",121,20387,846,2,0.0414970324226223
"flight tickets",122,26874,176,7,0.00654908089603334
"flight tickets",123,33277,274,6,0.00823391531688554
"flight tickets",124,37348,404,5,0.0108171789654064
"flight tickets",125,31951,346,5,0.0108290820318613
"flight tickets",126,20270,305,4,0.0150468672915639
"flight tickets",127,41492,342,6,0.00824255278125904
"flight tickets",128,39849,917,3,0.0230118698085272
"flight tickets",129,37956,572,4,0.0150700811465908
"flight tickets",130,19758,106,8,0.00536491547727503
"flight tickets",131,31021,714,3,0.0230166661293962
"flight tickets",132,28947,313,5,0.0108128648910077
"flight tickets",133,41541,956,3,0.0230134084398546
"flight tickets",134,19431,160,6,0.00823426483454274
"flight tickets",135,23841,359,4,0.0150580932007886
"flight tickets",136,23171,191,6,0.00824306244875059
"flight tickets",137,36233,546,4,0.0150691358706152
"flight tickets",138,35002,289,6,0.00825667104736872
"flight tickets",139,27825,640,3,0.0230008984725966
"flight tickets",140,38381,1592,2,0.0414788567259842
"flight tickets",141,37733,568,4,0.0150531365118066
"flight tickets",142,24588,566,3,0.0230193590369286
"flight tickets",143,29281,441,4,0.0150609610327516
"flight tickets",144,36883,849,3,0.0230187349185262
"flight tickets",145,23212,152,7,0.00654833706703429
"flight tickets",146,33973,782,3,0.0230182792217349
"flight tickets",147,25577,588,3,0.0229894045431442
"flight tickets",148,26975,406,4,0.0150509731232623
"flight tickets",149,44538,671,4,0.0150657865193767
"flight tickets",150,18591,280,4,0.0150610510462052
"flight tickets",151,45275,374,6,0.00826062948647156
"flight tickets",152,14800,160,5,0.0108108108108108
"flight tickets",153,28536,187,7,0.00655312587608635
"flight tickets",154,20229,304,4,0.0150279301992189
"flight tickets",155,22176,920,2,0.0414862914862915
"flight tickets",156,23279,125,8,0.00536964646247691
"flight tickets",157,14939,80,8,0.00535511078385434
"flight tickets",158,25831,279,5,0.0108009755719871
"flight tickets",159,22077,332,4,0.0150382751279612
"flight tickets",160,19979,301,4,0.0150658191100656
"flight tickets",161,20438,308,4,0.0150699677072121
"flight tickets",162,23365,969,2,0.0414722876096726
"flight tickets",163,25878,595,3,0.0229925032846433
"flight tickets",164,38358,316,6,0.00823817717294958
"flight tickets",165,29439,193,7,0.00655592920955196
"flight tickets",166,25378,584,3,0.0230120576877611
"flight tickets",167,32990,1369,2,0.041497423461655
"flight tickets",168,29899,323,5,0.0108030368908659
"flight tickets",169,31636,1312,2,0.0414717410544949
"flight tickets",170,30989,166,8,0.00535673948820549
"flight tickets",171,27306,295,5,0.0108034864132425
"flight tickets",172,26594,174,7,0.00654282920959615
"flight tickets",173,22835,188,6,0.00823297569520473
"flight tickets",174,17132,141,6,0.00823021246789634
"flight tickets",175,32694,354,5,0.0108276748027161
"flight tickets",176,22482,243,5,0.010808646917534
"flight tickets",177,30269,327,5,0.010803131917143
"flight tickets",178,41133,4487,1,0.10908516276469
"flight tickets",179,29130,191,7,0.00655681428081016
"flight tickets",180,31791,479,4,0.0150671573715832
"flight tickets",181,33390,503,4,0.0150643905360886
"flight tickets",182,40713,937,3,0.0230147618696731
"flight tickets",183,27108,408,4,0.0150509074811864
"flight tickets",184,27132,1125,2,0.0414639540026537
"flight tickets",185,24380,1011,2,0.0414684167350287
"flight tickets",186,27505,1141,2,0.0414833666606072
"flight tickets",187,30938,335,5,0.0108281078285603
"flight tickets",188,37146,402,5,0.0108221612017445
"flight tickets",189,44703,1855,2,0.0414960964588506
"flight tickets",190,20875,314,4,0.0150419161676647
"flight tickets",191,25771,388,4,0.0150556827441698
"flight tickets",192,25129,272,5,0.010824147399419
"flight tickets",193,20149,836,2,0.0414908928482803
"flight tickets",194,24405,264,5,0.0108174554394591
"flight tickets",195,36329,547,4,0.0150568416416637
"flight tickets",196,37057,853,3,0.0230185929783847
"flight tickets",197,19452,127,7,0.00652889163068065
"flight tickets",198,20859,865,2,0.0414689103025073
"flight tickets",199,39634,912,3,0.0230105465004794
"flight tickets",200,34384,372,5,0.0108189855746859
"flight tickets",201,38057,412,5,0.0108258664634627
"flight tickets",202,26455,609,3,0.023020223020223
"flight tickets",203,16424,88,8,0.00535801266439357
"flight tickets",204,27838,301,5,0.0108125583734464
"flight tickets",205,21043,317,4,0.0150643919593214
"flight tickets",206,29014,668,3,0.0230233680292273
"flight tickets",207,26300,217,6,0.00825095057034221
"flight tickets",208,27683,637,3,0.0230105118664885
"flight tickets",209,29135,191,7,0.00655568903380813
"flight tickets",210,26907,291,5,0.0108150295462147
"flight tickets",211,22290,241,5,0.010812023328847
"flight tickets",212,36951,1533,2,0.0414873751725258
"flight tickets",213,26660,401,4,0.0150412603150788
"flight tickets",214,42921,647,4,0.0150742060995783
"flight tickets",215,19326,801,2,0.0414467556659423
"flight tickets",216,37409,563,4,0.0150498543131332
"flight tickets",217,31557,260,6,0.00823905947967171
"flight tickets",218,22292,146,7,0.00654943477480711
"flight tickets",219,30777,708,3,0.023004191441661
"flight tickets",220,34032,368,5,0.0108133521391631
"flight tickets",221,29346,1217,2,0.0414707285490356
"flight tickets",222,22610,244,5,0.0107916850950907
"flight tickets",223,31465,724,3,0.023009693310027
"flight tickets",224,16727,109,7,0.00651641059365098
"flight tickets",225,21949,181,6,0.00824638935714611
"flight tickets",226,18004,271,4,0.0150522106198623
"flight tickets",227,23544,354,4,0.0150356778797146
"flight tickets",228,33676,775,3,0.0230134220216178
"flight tickets",229,29281,317,5,0.0108261329872614
"flight tickets",230,22049,182,6,0.00825434260057145
"flight tickets",231,28809,312,5,0.0108299489742789
"flight tickets",232,22735,943,2,0.041477897514845
"flight tickets",233,37214,403,5,0.010829257806202
"flight tickets",234,18914,204,5,0.010785661414825
"flight tickets",235,30294,328,5,0.010827226513501
"flight tickets",236,32137,265,6,0.00824594703923826
"flight tickets",237,38006,572,4,0.0150502552228595
"flight tickets",238,28982,313,5,0.01079980677662
"flight tickets",239,26805,404,4,0.0150718149598955
"flight tickets",240,40581,1684,2,0.0414972524087627
"flight tickets",241,25273,2757,1,0.109088750840818
"flight tickets",242,23671,356,4,0.015039499809894
"flight tickets",243,27013,407,4,0.0150668196794136
"flight tickets",244,31730,343,5,0.0108099590293098
"flight tickets",245,25141,578,3,0.0229903345133447
"flight tickets",246,35987,236,7,0.00655792369466752
"flight tickets",247,20713,171,6,0.00825568483561049
"flight tickets",248,30379,1260,2,0.0414760196188156
"flight tickets",249,33504,505,4,0.0150728271251194
"flight tickets",250,32897,271,6,0.00823783323707329
"flight tickets",251,24613,566,3,0.0229959777353431
"flight tickets",252,33696,365,5,0.0108321462488129
"flight tickets",253,28961,239,6,0.00825247746970063
"flight tickets",254,26414,286,5,0.0108275914287878
"flight tickets",255,21903,330,4,0.0150664292562663
"flight tickets",256,27997,303,5,0.010822588134443
"flight tickets",257,25428,383,4,0.0150621362277804
"flight tickets",258,36142,1499,2,0.0414752919041558
"flight tickets",259,19511,88,9,0.00451027625442058
"flight tickets",260,21934,330,4,0.0150451354062187
"flight tickets",261,33589,277,6,0.00824674744708089
"flight tickets",262,36074,543,4,0.015052392304707
"flight tickets",263,31279,338,5,0.0108059720579302
"flight tickets",264,27825,419,4,0.0150584007187781
"flight tickets",265,21544,894,2,0.0414964723356851
"flight tickets",266,40191,605,4,0.0150531213455749
"flight tickets",267,28763,662,3,0.0230156798664952
"flight tickets",268,33294,1381,2,0.0414789451552832
"flight tickets",269,45476,492,5,0.0108188934822764
"flight tickets",270,17847,410,3,0.0229730486916569
"flight tickets",271,26944,176,7,0.00653206650831354
"flight tickets",272,23213,349,4,0.0150346788437513
"flight tickets",273,25627,1063,2,0.0414796893900964
"flight tickets",274,18671,774,2,0.0414546623105351
"flight tickets",275,28263,306,5,0.0108268761277996
"flight tickets",276,40664,613,4,0.0150747590005902
"flight tickets",277,26532,400,4,0.0150761344791196
"flight tickets",278,15911,660,2,0.0414807365973226
"flight tickets",279,29183,439,4,0.0150430044889148
"flight tickets",280,44009,663,4,0.015065100320389
"flight tickets",281,23908,992,2,0.0414923874853605
"flight tickets",282,43272,284,7,0.0065631355148826
"flight tickets",283,30129,1250,2,0.041488267118059
"flight tickets",284,32828,494,4,0.0150481296454246
"flight tickets",285,22449,338,4,0.0150563499487728
"flight tickets",286,27741,300,5,0.0108143181572402
"flight tickets",287,40383,265,7,0.00656216724859471
"flight tickets",288,38655,319,6,0.00825248997542362
"flight tickets",289,28863,664,3,0.0230052316114056
"flight tickets",290,22868,150,7,0.00655938429246108
"flight tickets",291,36724,1523,2,0.0414715172639146
"flight tickets",292,28050,645,3,0.0229946524064171
"flight tickets",293,30514,330,5,0.0108147080028839
"flight tickets",294,19898,2170,1,0.109056186551412
"flight tickets",295,38607,418,5,0.0108270520889994
"flight tickets",296,39074,1621,2,0.0414853867021549
"flight tickets",297,45184,489,5,0.0108224150141643
"flight tickets",298,23193,349,4,0.0150476436855948
"flight tickets",299,20017,165,6,0.00824299345556277
"flight tickets",300,34570,521,4,0.0150708706971362
"flight tickets",301,27363,1135,2,0.0414793699521251
"flight tickets",302,20391,168,6,0.0082389289392379
"flight tickets",303,25892,596,3,0.0230186930325969
"flight tickets",304,34393,518,4,0.0150612043148315
"flight tickets",305,34634,797,3,0.0230120690650806
"flight tickets",306,30783,165,8,0.0053601013546438
"flight tickets",307,35688,192,8,0.00537995965030262
"flight tickets",308,29506,193,7,0.00654104249983054
"flight tickets",309,22205,119,8,0.00535915334384148
"flight tickets",310,25558,2788,1,0.109085217935676
"flight tickets",311,21960,911,2,0.0414845173041894
"flight tickets",312,33400,769,3,0.0230239520958084
"flight tickets",313,31473,260,6,0.00826104915324246
"flight tickets",314,27035,292,5,0.0108008137599408
"flight tickets",315,23570,194,6,0.00823080186677981
"flight tickets",316,23229,963,2,0.0414567996900426
"flight tickets",317,34876,229,7,0.00656611996788623
"flight tickets",318,42155,970,3,0.0230103190606097
"flight tickets",319,30227,455,4,0.01505276739339
"flight tickets",320,22960,346,4,0.0150696864111498
"flight tickets",321,19288,126,7,0.00653255910410618
"flight tickets",322,21851,329,4,0.0150565191524415
"flight tickets",323,31631,261,6,0.00825139894407385
"flight tickets",324,26006,281,5,0.0108051988002769
"flight tickets",325,31029,1287,2,0.0414773276612201
"flight tickets",326,23972,361,4,0.0150592357750709
"flight tickets",327,27983,231,6,0.00825501197155416
"flight tickets",328,24277,558,3,0.0229847180458871
"flight tickets",329,24671,162,7,0.00656641400834988
"flight tickets",330,23612,255,5,0.010799593427071
"flight tickets",331,20854,136,7,0.00652153064160353
"flight tickets",332,28606,431,4,0.0150667692092568
"flight tickets",333,28022,645,3,0.0230176290057812
"flight tickets",334,29837,1238,2,0.0414921071153266
"flight tickets",335,47104,389,6,0.00825832201086957
"flight tickets",336,27234,295,5,0.0108320481750753
"flight tickets",337,39155,901,3,0.0230111096922488
"flight tickets",338,22617,938,2,0.0414732281027546
"flight tickets",339,17987,148,6,0.00822816478567855
"flight tickets",340,30185,455,4,0.0150737121086632
"flight tickets",341,30236,696,3,0.023018917846276
"flight tickets",342,44225,479,5,0.0108309779536461
"flight tickets",343,18864,204,5,0.0108142493638677
"flight tickets",344,26543,611,3,0.0230192517801304
"flight tickets",345,30452,200,7,0.00656771312229082
"flight tickets",346,37527,565,4,0.0150558264716071
"flight tickets",347,24001,361,4,0.0150410399566685
"flight tickets",348,28816,312,5,0.0108273181565797
"flight tickets",349,20829,314,4,0.0150751356282107
"flight tickets",350,25851,595,3,0.0230165177362578
"flight tickets",351,23576,255,5,0.0108160841533763
"flight tickets",352,28523,187,7,0.00655611261087543
"flight tickets",353,45753,495,5,0.0108189626909711
"flight tickets",354,28358,427,4,0.0150574793709006
"flight tickets",355,39119,323,6,0.00825685728162785
"flight tickets",356,29854,196,7,0.00656528438400214
"flight tickets",357,22086,182,6,0.00824051435298379
"flight tickets",358,38317,251,7,0.00655061721951092
"flight tickets",359,25798,1070,2,0.0414760834173192
"flight tickets",360,33156,499,4,0.0150500663529979
"flight tickets",361,39871,601,4,0.01507361239999
"flight tickets",362,27616,299,5,0.010827056778679
"flight tickets",363,20839,479,3,0.0229857478765776
"flight tickets",364,27968,3051,1,0.109088958810069
"flight tickets",365,30976,255,6,0.00823217975206612
"flight tickets",366,31270,338,5,0.0108090821874001
"flight tickets",367,34709,523,4,0.0150681379469302
"flight tickets",368,40698,1688,2,0.0414762396186545
"flight tickets",369,27423,631,3,0.0230098822156584
"flight tickets",370,38271,1588,2,0.0414935590917405
"flight tickets",371,36057,543,4,0.0150594891421915
"flight tickets",372,33118,499,4,0.0150673349839966
"flight tickets",373,33155,273,6,0.0082340521791585
"flight tickets",374,39783,599,4,0.0150566825025765
"flight tickets",375,39137,1624,2,0.0414952602396709
"flight tickets",376,17723,1933,1,0.109067313660216
"flight tickets",377,25440,167,7,0.00656446540880503
"flight tickets",378,22284,335,4,0.0150332076826423
"flight tickets",379,33680,775,3,0.0230106888361045
"flight tickets",380,28190,305,5,0.0108194395175594
"flight tickets",381,16034,241,4,0.0150305600598728
"flight tickets",382,28931,436,4,0.0150703397739449
"flight tickets",383,33828,510,4,0.0150762681802057
"flight tickets",384,38159,575,4,0.0150685290495034
"flight tickets",385,23095,531,3,0.0229919896081403
"flight tickets",386,36349,300,6,0.00825332196208974
"flight tickets",387,32997,497,4,0.0150619753310907
"flight tickets",388,31740,478,4,0.015059861373661
"flight tickets",389,38757,419,5,0.0108109502799494
"flight tickets",390,23187,251,5,0.0108250312675206
"flight tickets",391,36534,395,5,0.0108118464991515
"flight tickets",392,35568,1476,2,0.041497975708502
"flight tickets",393,30330,457,4,0.0150675898450379
"flight tickets",394,23434,539,3,0.0230007681147051
"flight tickets",395,24052,198,6,0.00823216364543489
"flight tickets",396,28905,435,4,0.0150492994291645
"flight tickets",397,24920,375,4,0.0150481540930979
"flight tickets",398,21232,320,4,0.0150715900527506
"flight tickets",399,43584,1003,3,0.0230130323054332
"flight tickets",400,34976,289,6,0.0082628087831656
"flight tickets",401,30454,459,4,0.0150719117357326
"flight tickets",402,23196,534,3,0.0230212105535437
"flight tickets",403,37655,866,3,0.02299827380162
"flight tickets",404,33350,275,6,0.00824587706146927
"flight tickets",405,33665,775,3,0.0230209416307738
"flight tickets",406,41085,445,5,0.0108312036022879
"flight tickets",407,18295,421,3,0.0230117518447663
"flight tickets",408,26377,173,7,0.0065587443606172
"flight tickets",409,30473,1264,2,0.0414793423686542
"flight tickets",410,25732,1067,2,0.0414658790610912
"flight tickets",411,23916,107,9,0.00447399230640575
"flight tickets",412,30590,3337,1,0.10908793723439
"flight tickets",413,26852,290,5,0.0107999404141219
"flight tickets",414,29046,437,4,0.015045100874475
"flight tickets",415,31661,728,3,0.0229935883263321
"flight tickets",416,27022,407,4,0.0150618014950781
"flight tickets",417,29211,191,7,0.00653863270685701
"flight tickets",418,21471,232,5,0.0108052722276559
"flight tickets",419,18508,121,7,0.00653771342122325
"flight tickets",420,30690,1273,2,0.0414793092212447
"flight tickets",421,29530,193,7,0.00653572637995259
"flight tickets",422,31346,472,4,0.0150577426146877
"flight tickets",423,25012,1037,2,0.0414600991524068
"flight tickets",424,34169,786,3,0.023003307091223
"flight tickets",425,20397,469,3,0.0229935774868853
"flight tickets",426,19072,791,2,0.0414744127516779
"flight tickets",427,30022,248,6,0.00826060888681633
"flight tickets",428,31343,721,3,0.0230035414606132
"flight tickets",429,28952,666,3,0.0230035921525283
"flight tickets",430,38308,415,5,0.0108332463193067
"flight tickets",431,23846,359,4,0.0150549358382957
"flight tickets",432,30913,1282,2,0.0414712256979264
"flight tickets",433,30583,331,5,0.0108230062452997
"flight tickets",434,23027,249,5,0.0108133929734659
"flight tickets",435,35860,193,8,0.00538204127161182
"flight tickets",436,28640,431,4,0.0150488826815642
"flight tickets",437,31455,724,3,0.0230170084247337
"flight tickets",438,25900,170,7,0.00656370656370656
"flight tickets",439,40367,333,6,0.00824931255728689
"flight tickets",440,37518,310,6,0.00826270057039288
"flight tickets",441,34325,225,7,0.00655498907501821
"flight tickets",442,18340,422,3,0.023009814612868
"flight tickets",443,25222,273,5,0.0108238839108715
"flight tickets",444,52472,791,4,0.0150747065101387
"flight tickets",445,25825,213,6,0.00824782187802517
"flight tickets",446,16118,668,2,0.0414443479339868
"flight tickets",447,41047,269,7,0.00655346310327186
"flight tickets",448,42301,349,6,0.00825039597172644
"flight tickets",449,42031,4585,1,0.109086150698294
"flight tickets",450,30621,705,3,0.0230234153032233
"flight tickets",451,25763,388,4,0.0150603578775764
"flight tickets",452,25982,281,5,0.0108151797398199
"flight tickets",453,37728,568,4,0.0150551314673452
"flight tickets",454,31310,339,5,0.0108272117534334
"flight tickets",455,39242,591,4,0.0150603944753071
"flight tickets",456,34075,513,4,0.01505502567865
"flight tickets",457,23572,978,2,0.0414899032750721
"flight tickets",458,19458,293,4,0.0150580737999794
"flight tickets",459,26765,221,6,0.00825705212030637
"flight tickets",460,34392,284,6,0.00825773435682717
"flight tickets",461,36942,400,5,0.0108277840939852
"flight tickets",462,29737,3244,1,0.109089686249454
"flight tickets",463,28942,313,5,0.0108147329141041
"flight tickets",464,22430,516,3,0.0230049041462327
"flight tickets",465,31735,478,4,0.0150622341263589
"flight tickets",466,24040,198,6,0.00823627287853577
"flight tickets",467,27702,637,3,0.0229947296224099
"flight tickets",468,11694,269,3,0.0230032495296733
"flight tickets",469,28078,423,4,0.0150651755823064
"flight tickets",470,36878,555,4,0.015049623081512
"flight tickets",471,33140,359,5,0.0108328304164152
"flight tickets",472,33065,358,5,0.0108271586269469
"flight tickets",473,27404,413,4,0.0150707925850241
"flight tickets",474,34777,800,3,0.0230037093481324
"flight tickets",475,27789,639,3,0.0229947101371046
"flight tickets",476,28728,661,3,0.0230089111668059
"flight tickets",477,37880,571,4,0.0150739176346357
"flight tickets",478,33440,219,7,0.00654904306220096
"flight tickets",479,51444,775,4,0.0150649249669544
"flight tickets",480,34865,157,9,0.00450308332138248
"flight tickets",481,25197,165,7,0.0065483986188832
"flight tickets",482,35128,290,6,0.00825552265998634
"flight tickets",483,22794,246,5,0.0107923137667807
"flight tickets",484,25785,1070,2,0.0414969943765755
"flight tickets",485,20309,91,9,0.0044807720714954
"flight tickets",486,20445,848,2,0.0414771337735388
"flight tickets",487,49071,1129,3,0.0230074789590593
"flight tickets",488,39721,598,4,0.0150550086855819
"flight tickets",489,34606,374,5,0.0108073744437381
"flight tickets",490,21127,318,4,0.0150518294126
"flight tickets",491,47711,516,5,0.0108151160109828
"flight tickets",492,29563,445,4,0.0150525995332003
"flight tickets",493,22743,246,5,0.0108165149716396
"flight tickets",494,23325,252,5,0.0108038585209003
"flight tickets",495,38957,896,3,0.0229997176373951
"flight tickets",496,24196,262,5,0.010828236072078
"flight tickets",497,28554,235,6,0.00823002031239056
"flight tickets",498,34131,369,5,0.010811285927749
"flight tickets",499,47352,391,6,0.00825730697752999
"flight tickets",500,39723,914,3,0.0230093396772651
"cheap international flight tickets",1,2733,236,2,0.0863519941456275
"cheap international flight tickets",2,2342,332,1,0.141759180187874
"cheap international flight tickets",3,1849,80,5,0.0432666306111412
"cheap international flight tickets",4,1799,93,4,0.0516953863257365
"cheap international flight tickets",5,2473,158,3,0.063890012131015
"cheap international flight tickets",6,3049,264,2,0.0865857658248606
"cheap international flight tickets",7,3004,426,1,0.141810918774967
"cheap international flight tickets",8,2384,206,2,0.0864093959731544
"cheap international flight tickets",9,2870,248,2,0.086411149825784
"cheap international flight tickets",10,2356,204,2,0.0865874363327674
"cheap international flight tickets",11,2378,337,1,0.141715727502103
"cheap international flight tickets",12,2517,218,2,0.0866110448947159
"cheap international flight tickets",13,2415,209,2,0.0865424430641822
"cheap international flight tickets",14,2279,76,7,0.0333479596314173
"cheap international flight tickets",15,1717,110,3,0.064065230052417
"cheap international flight tickets",16,2648,375,1,0.141616314199396
"cheap international flight tickets",17,2944,189,3,0.0641983695652174
"cheap international flight tickets",18,2402,124,4,0.0516236469608659
"cheap international flight tickets",19,2087,70,7,0.0335409678965022
"cheap international flight tickets",20,2477,128,4,0.0516754138070246
"cheap international flight tickets",21,2502,129,4,0.0515587529976019
"cheap international flight tickets",22,2140,303,1,0.141588785046729
"cheap international flight tickets",23,2706,102,6,0.0376940133037694
"cheap international flight tickets",24,2189,310,1,0.141617176793056
"cheap international flight tickets",25,2772,120,5,0.0432900432900433
"cheap international flight tickets",26,2944,189,3,0.0641983695652174
"cheap international flight tickets",27,2919,150,4,0.0513874614594039
"cheap international flight tickets",28,2062,178,2,0.0863239573229874
"cheap international flight tickets",29,1738,111,3,0.0638665132336018
"cheap international flight tickets",30,2336,101,5,0.043236301369863
"cheap international flight tickets",31,2356,121,4,0.051358234295416
"cheap international flight tickets",32,2328,88,6,0.0378006872852234
"cheap international flight tickets",33,2303,326,1,0.141554494138081
"cheap international flight tickets",34,3058,265,2,0.0866579463701766
"cheap international flight tickets",35,2224,315,1,0.141636690647482
"cheap international flight tickets",36,2466,213,2,0.086374695863747
"cheap international flight tickets",37,2111,135,3,0.063950734249171
"cheap international flight tickets",38,2804,122,5,0.043509272467903
"cheap international flight tickets",39,2531,359,1,0.141841169498222
"cheap international flight tickets",40,2302,87,6,0.0377932232841008
"cheap international flight tickets",41,2689,233,2,0.0866493120119003
"cheap international flight tickets",42,2723,236,2,0.0866691149467499
"cheap international flight tickets",43,2720,235,2,0.0863970588235294
"cheap international flight tickets",44,2056,291,1,0.141536964980545
"cheap international flight tickets",45,2503,355,1,0.141829804234918
"cheap international flight tickets",46,2609,98,6,0.0375622844001533
"cheap international flight tickets",47,2389,207,2,0.0866471326915027
"cheap international flight tickets",48,2207,96,5,0.0434979610330766
"cheap international flight tickets",49,2342,203,2,0.0866780529461998
"cheap international flight tickets",50,2295,198,2,0.0862745098039216
"cheap international flight tickets",51,2031,105,4,0.051698670605613
"cheap international flight tickets",52,2562,222,2,0.0866510538641686
"cheap international flight tickets",53,2236,317,1,0.141771019677996
"cheap international flight tickets",54,2194,311,1,0.141750227894257
"cheap international flight tickets",55,2431,210,2,0.0863842040312629
"cheap international flight tickets",56,2084,180,2,0.0863723608445297
"cheap international flight tickets",57,2362,122,4,0.0516511430990686
"cheap international flight tickets",58,3227,279,2,0.0864580105361016
"cheap international flight tickets",59,1643,84,4,0.0511259890444309
"cheap international flight tickets",60,2739,119,5,0.0434465133260314
"cheap international flight tickets",61,1857,263,1,0.141626278944534
"cheap international flight tickets",62,2381,152,3,0.0638387232255355
"cheap international flight tickets",63,1951,85,5,0.0435674013326499
"cheap international flight tickets",64,2883,125,5,0.0433576135969476
"cheap international flight tickets",65,3175,203,3,0.0639370078740158
"cheap international flight tickets",66,2666,137,4,0.0513878469617404
"cheap international flight tickets",67,2184,95,5,0.0434981684981685
"cheap international flight tickets",68,2314,148,3,0.0639585133967156
"cheap international flight tickets",69,2252,144,3,0.063943161634103
"cheap international flight tickets",70,2875,109,6,0.0379130434782609
"cheap international flight tickets",71,2816,106,6,0.0376420454545455
"cheap international flight tickets",72,2699,382,1,0.14153390144498
"cheap international flight tickets",73,2359,204,2,0.0864773208986859
"cheap international flight tickets",74,2464,213,2,0.0864448051948052
"cheap international flight tickets",75,2339,202,2,0.0863616930312099
"cheap international flight tickets",76,2001,173,2,0.0864567716141929
"cheap international flight tickets",77,2472,214,2,0.0865695792880259
"cheap international flight tickets",78,2417,209,2,0.0864708316094332
"cheap international flight tickets",79,2458,213,2,0.0866558177379984
"cheap international flight tickets",80,3201,165,4,0.0515463917525773
"cheap international flight tickets",81,2342,121,4,0.051665243381725
"cheap international flight tickets",82,2596,225,2,0.0866718027734977
"cheap international flight tickets",83,2525,162,3,0.0641584158415842
"cheap international flight tickets",84,2756,390,1,0.141509433962264
"cheap international flight tickets",85,2597,368,1,0.14170196380439
"cheap international flight tickets",86,3459,116,7,0.0335357039606823
"cheap international flight tickets",87,2667,171,3,0.0641169853768279
"cheap international flight tickets",88,3226,279,2,0.0864848109113453
"cheap international flight tickets",89,2219,192,2,0.0865254619197837
"cheap international flight tickets",90,2245,194,2,0.0864142538975501
"cheap international flight tickets",91,3594,311,2,0.0865331107401224
"cheap international flight tickets",92,2244,116,4,0.0516934046345811
"cheap international flight tickets",93,1986,281,1,0.141490433031219
"cheap international flight tickets",94,2886,185,3,0.0641025641025641
"cheap international flight tickets",95,2463,107,5,0.0434429557450264
"cheap international flight tickets",96,3099,199,3,0.0642142626653759
"cheap international flight tickets",97,2862,248,2,0.0866526904262753
"cheap international flight tickets",98,2798,106,6,0.0378842030021444
"cheap international flight tickets",99,2172,139,3,0.0639963167587477
"cheap international flight tickets",100,2682,172,3,0.064131245339299
"cheap international flight tickets",101,2057,291,1,0.141468157510938
"cheap international flight tickets",102,2257,320,1,0.141781125387683
"cheap international flight tickets",103,2283,197,2,0.0862899693385896
"cheap international flight tickets",104,2969,190,3,0.063994610980128
"cheap international flight tickets",105,2551,163,3,0.0638965111720894
"cheap international flight tickets",106,2210,114,4,0.0515837104072398
"cheap international flight tickets",107,2813,145,4,0.0515463917525773
"cheap international flight tickets",108,2346,150,3,0.0639386189258312
"cheap international flight tickets",109,2848,246,2,0.086376404494382
"cheap international flight tickets",110,1942,168,2,0.0865087538619979
"cheap international flight tickets",111,2225,115,4,0.051685393258427
"cheap international flight tickets",112,2173,112,4,0.0515416474919466
"cheap international flight tickets",113,2481,108,5,0.0435308343409915
"cheap international flight tickets",114,2139,185,2,0.0864890135577373
"cheap international flight tickets",115,2479,351,1,0.141589350544574
"cheap international flight tickets",116,2580,133,4,0.0515503875968992
"cheap international flight tickets",117,2668,137,4,0.0513493253373313
"cheap international flight tickets",118,2394,104,5,0.0434419381787803
"cheap international flight tickets",119,2489,353,1,0.141824025713138
"cheap international flight tickets",120,2585,166,3,0.0642166344294004
"cheap international flight tickets",121,2435,92,6,0.037782340862423
"cheap international flight tickets",122,2284,323,1,0.141418563922942
"cheap international flight tickets",123,2771,143,4,0.051605918440996
"cheap international flight tickets",124,2603,167,3,0.0641567422205148
"cheap international flight tickets",125,2006,173,2,0.0862412761714855
"cheap international flight tickets",126,2957,128,5,0.0432871153195807
"cheap international flight tickets",127,2470,350,1,0.1417004048583
"cheap international flight tickets",128,2485,352,1,0.141649899396378
"cheap international flight tickets",129,2274,117,4,0.0514511873350923
"cheap international flight tickets",130,2021,286,1,0.141514101929738
"cheap international flight tickets",131,1971,85,5,0.0431253170979198
"cheap international flight tickets",132,2148,93,5,0.0432960893854749
"cheap international flight tickets",133,2550,163,3,0.063921568627451
"cheap international flight tickets",134,2170,188,2,0.0866359447004608
"cheap international flight tickets",135,2267,145,3,0.0639611821790913
"cheap international flight tickets",136,1933,99,4,0.0512157268494568
"cheap international flight tickets",137,2513,129,4,0.05133306804616
"cheap international flight tickets",138,2412,105,5,0.0435323383084577
"cheap international flight tickets",139,2448,92,6,0.0375816993464052
"cheap international flight tickets",140,2460,127,4,0.0516260162601626
"cheap international flight tickets",141,2950,189,3,0.0640677966101695
"cheap international flight tickets",142,3274,210,3,0.0641417226634087
"cheap international flight tickets",143,2129,184,2,0.0864255519023016
"cheap international flight tickets",144,2045,290,1,0.141809290953545
"cheap international flight tickets",145,2104,135,3,0.0641634980988593
"cheap international flight tickets",146,2204,141,3,0.0639745916515427
"cheap international flight tickets",147,2466,213,2,0.086374695863747
"cheap international flight tickets",148,2570,364,1,0.141634241245136
"cheap international flight tickets",149,2236,193,2,0.0863148479427549
"cheap international flight tickets",150,2649,136,4,0.0513401283503209
"cheap international flight tickets",151,2288,146,3,0.0638111888111888
"cheap international flight tickets",152,2568,112,5,0.043613707165109
"cheap international flight tickets",153,2678,172,3,0.0642270351008215
"cheap international flight tickets",154,2333,330,1,0.141448778396914
"cheap international flight tickets",155,1673,86,4,0.0514046622833234
"cheap international flight tickets",156,2528,130,4,0.0514240506329114
"cheap international flight tickets",157,2887,185,3,0.0640803602355386
"cheap international flight tickets",158,2482,215,2,0.0866236905721193
"cheap international flight tickets",159,2445,126,4,0.0515337423312883
"cheap international flight tickets",160,2122,183,2,0.086239396795476
"cheap international flight tickets",161,2252,195,2,0.0865896980461812
"cheap international flight tickets",162,1844,95,4,0.0515184381778742
"cheap international flight tickets",163,2601,225,2,0.0865051903114187
"cheap international flight tickets",164,2355,121,4,0.051380042462845
"cheap international flight tickets",165,2195,311,1,0.141685649202733
"cheap international flight tickets",166,2086,133,3,0.063758389261745
"cheap international flight tickets",167,2278,323,1,0.141791044776119
"cheap international flight tickets",168,2269,145,3,0.0639048038783605
"cheap international flight tickets",169,2414,342,1,0.141673570836785
"cheap international flight tickets",170,2193,113,4,0.0515275877792978
"cheap international flight tickets",171,2581,133,4,0.0515304145679969
"cheap international flight tickets",172,2372,122,4,0.051433389544688
"cheap international flight tickets",173,2409,341,1,0.141552511415525
"cheap international flight tickets",174,2724,118,5,0.0433186490455213
"cheap international flight tickets",175,2576,365,1,0.141692546583851
"cheap international flight tickets",176,2961,153,4,0.0516717325227964
"cheap international flight tickets",177,1994,282,1,0.141424272818455
"cheap international flight tickets",178,1947,168,2,0.086286594761171
"cheap international flight tickets",179,2048,131,3,0.06396484375
"cheap international flight tickets",180,2895,251,2,0.0867012089810017
"cheap international flight tickets",181,2362,151,3,0.0639288738357324
"cheap international flight tickets",182,2244,194,2,0.0864527629233512
"cheap international flight tickets",183,2503,217,2,0.0866959648421894
"cheap international flight tickets",184,2716,118,5,0.0434462444771723
"cheap international flight tickets",185,2342,102,5,0.0435525192143467
"cheap international flight tickets",186,2192,113,4,0.0515510948905109
"cheap international flight tickets",187,2715,174,3,0.0640883977900552
"cheap international flight tickets",188,2228,143,3,0.0641831238779174
"cheap international flight tickets",189,2231,143,3,0.0640968175705961
"cheap international flight tickets",190,2522,218,2,0.0864393338620143
"cheap international flight tickets",191,2670,138,4,0.051685393258427
"cheap international flight tickets",192,2757,391,1,0.141820819731592
"cheap international flight tickets",193,2668,231,2,0.0865817091454273
"cheap international flight tickets",194,2645,136,4,0.0514177693761815
"cheap international flight tickets",195,2099,134,3,0.0638399237732254
"cheap international flight tickets",196,2688,172,3,0.0639880952380952
"cheap international flight tickets",197,2432,210,2,0.0863486842105263
"cheap international flight tickets",198,2230,193,2,0.0865470852017937
"cheap international flight tickets",199,2234,316,1,0.141450313339302
"cheap international flight tickets",200,1862,264,1,0.141783029001074
"cheap international flight tickets",201,2088,181,2,0.0866858237547893
"cheap international flight tickets",202,2308,200,2,0.0866551126516465
"cheap international flight tickets",203,2466,107,5,0.0433901054339011
"cheap international flight tickets",204,2583,112,5,0.043360433604336
"cheap international flight tickets",205,2701,139,4,0.051462421325435
"cheap international flight tickets",206,2709,118,5,0.0435585086747877
"cheap international flight tickets",207,2648,115,5,0.043429003021148
"cheap international flight tickets",208,2450,212,2,0.086530612244898
"cheap international flight tickets",209,3335,172,4,0.0515742128935532
"cheap international flight tickets",210,2446,157,3,0.0641864268192968
"cheap international flight tickets",211,2840,146,4,0.0514084507042254
"cheap international flight tickets",212,2724,386,1,0.141703377386197
"cheap international flight tickets",213,2117,135,3,0.0637694851204535
"cheap international flight tickets",214,2836,182,3,0.0641748942172073
"cheap international flight tickets",215,2202,190,2,0.0862851952770209
"cheap international flight tickets",216,2338,120,4,0.0513259195893926
"cheap international flight tickets",217,2774,178,3,0.0641672674837779
"cheap international flight tickets",218,2805,243,2,0.0866310160427807
"cheap international flight tickets",219,2741,237,2,0.0864647938708501
"cheap international flight tickets",220,2817,244,2,0.0866169684061058
"cheap international flight tickets",221,2488,215,2,0.0864147909967846
"cheap international flight tickets",222,2312,148,3,0.0640138408304498
"cheap international flight tickets",223,2966,153,4,0.0515846257585974
"cheap international flight tickets",224,2851,147,4,0.0515608558400561
"cheap international flight tickets",225,2689,139,4,0.0516920788397174
"cheap international flight tickets",226,2235,143,3,0.0639821029082774
"cheap international flight tickets",227,2222,114,4,0.0513051305130513
"cheap international flight tickets",228,3296,285,2,0.0864684466019418
"cheap international flight tickets",229,2166,187,2,0.0863342566943675
"cheap international flight tickets",230,2326,149,3,0.0640584694754944
"cheap international flight tickets",231,2976,258,2,0.0866935483870968
"cheap international flight tickets",232,3122,200,3,0.0640614990390775
"cheap international flight tickets",233,3526,226,3,0.0640952921157119
"cheap international flight tickets",234,2458,213,2,0.0866558177379984
"cheap international flight tickets",235,3158,447,1,0.141545281823939
"cheap international flight tickets",236,2281,117,4,0.0512932924156072
"cheap international flight tickets",237,2442,346,1,0.141687141687142
"cheap international flight tickets",238,2241,84,6,0.0374832663989291
"cheap international flight tickets",239,2847,147,4,0.0516332982086407
"cheap international flight tickets",240,2629,227,2,0.0863446177253709
"cheap international flight tickets",241,2189,140,3,0.0639561443581544
"cheap international flight tickets",242,2333,101,5,0.0432918988426918
"cheap international flight tickets",243,1916,166,2,0.0866388308977036
"cheap international flight tickets",244,2685,380,1,0.141527001862197
"cheap international flight tickets",245,2284,146,3,0.063922942206655
"cheap international flight tickets",246,2247,144,3,0.0640854472630174
"cheap international flight tickets",247,2607,226,2,0.0866896816263905
"cheap international flight tickets",248,2135,137,3,0.0641686182669789
"cheap international flight tickets",249,2159,306,1,0.141732283464567
"cheap international flight tickets",250,2121,136,3,0.0641206977840641
"cheap international flight tickets",251,2382,337,1,0.141477749790092
"cheap international flight tickets",252,2861,248,2,0.0866829779797274
"cheap international flight tickets",253,2248,194,2,0.0862989323843416
"cheap international flight tickets",254,2143,93,5,0.0433971068595427
"cheap international flight tickets",255,3347,173,4,0.0516880788766059
"cheap international flight tickets",256,2051,89,5,0.0433934666016577
"cheap international flight tickets",257,2514,217,2,0.0863166268894193
"cheap international flight tickets",258,2662,137,4,0.0514650638617581
"cheap international flight tickets",259,2206,96,5,0.043517679057117
"cheap international flight tickets",260,3105,135,5,0.0434782608695652
"cheap international flight tickets",261,2184,140,3,0.0641025641025641
"cheap international flight tickets",262,2265,117,4,0.0516556291390728
"cheap international flight tickets",263,2370,152,3,0.0641350210970464
"cheap international flight tickets",264,2509,109,5,0.0434436030290953
"cheap international flight tickets",265,2343,121,4,0.0516431924882629
"cheap international flight tickets",266,2889,149,4,0.0515749394254067
"cheap international flight tickets",267,2529,110,5,0.0434954527481218
"cheap international flight tickets",268,2791,144,4,0.0515944106055177
"cheap international flight tickets",269,2264,196,2,0.0865724381625442
"cheap international flight tickets",270,2427,210,2,0.0865265760197775
"cheap international flight tickets",271,2807,145,4,0.0516565728535803
"cheap international flight tickets",272,2982,258,2,0.0865191146881288
"cheap international flight tickets",273,2440,156,3,0.0639344262295082
"cheap international flight tickets",274,2340,202,2,0.0863247863247863
"cheap international flight tickets",275,2449,157,3,0.0641077991016741
"cheap international flight tickets",276,2568,112,5,0.043613707165109
"cheap international flight tickets",277,2113,299,1,0.14150496923805
"cheap international flight tickets",278,2513,217,2,0.0863509749303621
"cheap international flight tickets",279,2702,139,4,0.0514433752775722
"cheap international flight tickets",280,2285,198,2,0.0866520787746171
"cheap international flight tickets",281,3061,158,4,0.0516171185886965
"cheap international flight tickets",282,2383,153,3,0.0642047838858582
"cheap international flight tickets",283,1854,262,1,0.141316073354908
"cheap international flight tickets",284,2218,192,2,0.0865644724977457
"cheap international flight tickets",285,2631,228,2,0.0866590649942987
"cheap international flight tickets",286,1907,165,2,0.0865233350812795
"cheap international flight tickets",287,2185,309,1,0.141418764302059
"cheap international flight tickets",288,2563,222,2,0.0866172454155287
"cheap international flight tickets",289,2598,113,5,0.0434949961508853
"cheap international flight tickets",290,2045,89,5,0.043520782396088
"cheap international flight tickets",291,2476,93,6,0.0375605815831987
"cheap international flight tickets",292,2677,171,3,0.0638774747852073
"cheap international flight tickets",293,2837,245,2,0.0863588297497356
"cheap international flight tickets",294,2973,421,1,0.141607803565422
"cheap international flight tickets",295,2839,246,2,0.086650228953857
"cheap international flight tickets",296,1885,97,4,0.0514588859416446
"cheap international flight tickets",297,3042,263,2,0.0864562787639711
"cheap international flight tickets",298,2762,142,4,0.0514120202751629
"cheap international flight tickets",299,2310,200,2,0.0865800865800866
"cheap international flight tickets",300,2575,223,2,0.0866019417475728
"cheap international flight tickets",301,2397,123,4,0.0513141426783479
"cheap international flight tickets",302,1807,93,4,0.0514665190924184
"cheap international flight tickets",303,2750,390,1,0.141818181818182
"cheap international flight tickets",304,2043,131,3,0.0641213901125795
"cheap international flight tickets",305,2626,168,3,0.063975628332064
"cheap international flight tickets",306,2468,213,2,0.0863047001620746
"cheap international flight tickets",307,2016,129,3,0.0639880952380952
"cheap international flight tickets",308,2905,97,7,0.0333907056798623
"cheap international flight tickets",309,2453,157,3,0.0640032613126783
"cheap international flight tickets",310,2767,239,2,0.0863751355258403
"cheap international flight tickets",311,2617,135,4,0.0515857852502866
"cheap international flight tickets",312,2174,139,3,0.0639374425022999
"cheap international flight tickets",313,2348,333,1,0.141822827938671
"cheap international flight tickets",314,2424,155,3,0.0639438943894389
"cheap international flight tickets",315,2836,402,1,0.141748942172073
"cheap international flight tickets",316,2267,117,4,0.0516100573445082
"cheap international flight tickets",317,2191,140,3,0.0638977635782748
"cheap international flight tickets",318,2267,76,7,0.0335244816938685
"cheap international flight tickets",319,2281,146,3,0.0640070144673389
"cheap international flight tickets",320,2627,135,4,0.0513894175866007
"cheap international flight tickets",321,2721,235,2,0.0863653068724734
"cheap international flight tickets",322,2462,107,5,0.0434606011372868
"cheap international flight tickets",323,2736,175,3,0.0639619883040936
"cheap international flight tickets",324,2059,106,4,0.0514813016027198
"cheap international flight tickets",325,2585,133,4,0.0514506769825919
"cheap international flight tickets",326,2681,116,5,0.0432674375233122
"cheap international flight tickets",327,2308,327,1,0.141681109185442
"cheap international flight tickets",328,2851,183,3,0.0641880042090495
"cheap international flight tickets",329,2312,327,1,0.14143598615917
"cheap international flight tickets",330,2045,131,3,0.0640586797066015
"cheap international flight tickets",331,1957,169,2,0.086356668369954
"cheap international flight tickets",332,2333,78,7,0.0334333476210887
"cheap international flight tickets",333,2870,96,7,0.0334494773519164
"cheap international flight tickets",334,2793,144,4,0.0515574650912997
"cheap international flight tickets",335,2665,171,3,0.0641651031894934
"cheap international flight tickets",336,1960,101,4,0.051530612244898
"cheap international flight tickets",337,2002,128,3,0.0639360639360639
"cheap international flight tickets",338,2245,116,4,0.0516703786191537
"cheap international flight tickets",339,1997,128,3,0.0640961442163245
"cheap international flight tickets",340,2510,217,2,0.0864541832669323
"cheap international flight tickets",341,1851,95,4,0.0513236088600756
"cheap international flight tickets",342,2654,170,3,0.0640542577241899
"cheap international flight tickets",343,2528,110,5,0.0435126582278481
"cheap international flight tickets",344,3547,307,2,0.0865520157879898
"cheap international flight tickets",345,2986,154,4,0.0515740120562626
"cheap international flight tickets",346,2502,354,1,0.141486810551559
"cheap international flight tickets",347,2299,199,2,0.0865593736407134
"cheap international flight tickets",348,3164,203,3,0.0641592920353982
"cheap international flight tickets",349,2575,365,1,0.141747572815534
"cheap international flight tickets",350,2723,174,3,0.0639001101726037
"cheap international flight tickets",351,2272,99,5,0.0435739436619718
"cheap international flight tickets",352,2611,135,4,0.051704327843738
"cheap international flight tickets",353,2475,93,6,0.0375757575757576
"cheap international flight tickets",354,2744,237,2,0.0863702623906706
"cheap international flight tickets",355,2778,143,4,0.0514758819294456
"cheap international flight tickets",356,2504,217,2,0.0866613418530351
"cheap international flight tickets",357,2625,372,1,0.141714285714286
"cheap international flight tickets",358,3198,277,2,0.0866166353971232
"cheap international flight tickets",359,2434,345,1,0.141741988496302
"cheap international flight tickets",360,2040,131,3,0.0642156862745098
"cheap international flight tickets",361,2192,113,4,0.0515510948905109
"cheap international flight tickets",362,1887,82,5,0.0434552199258082
"cheap international flight tickets",363,2794,179,3,0.0640658554044381
"cheap international flight tickets",364,2249,319,1,0.141840818141396
"cheap international flight tickets",365,3008,260,2,0.086436170212766
"cheap international flight tickets",366,2353,151,3,0.0641733956651084
"cheap international flight tickets",367,2011,129,3,0.0641471904525112
"cheap international flight tickets",368,2856,108,6,0.0378151260504202
"cheap international flight tickets",369,2588,133,4,0.0513910355486862
"cheap international flight tickets",370,2572,112,5,0.0435458786936236
"cheap international flight tickets",371,2588,224,2,0.0865533230293663
"cheap international flight tickets",372,2242,318,1,0.141837644959857
"cheap international flight tickets",373,2518,161,3,0.0639396346306593
"cheap international flight tickets",374,2151,138,3,0.0641562064156206
"cheap international flight tickets",375,2529,358,1,0.141557928034796
"cheap international flight tickets",376,1901,98,4,0.0515518148342977
"cheap international flight tickets",377,2176,139,3,0.0638786764705882
"cheap international flight tickets",378,2727,141,4,0.0517051705170517
"cheap international flight tickets",379,1862,119,3,0.0639097744360902
"cheap international flight tickets",380,3018,101,7,0.0334658714380384
"cheap international flight tickets",381,2903,251,2,0.0864622803995866
"cheap international flight tickets",382,1983,75,6,0.037821482602118
"cheap international flight tickets",383,2712,174,3,0.0641592920353982
"cheap international flight tickets",384,1794,115,3,0.0641025641025641
"cheap international flight tickets",385,2289,198,2,0.0865006553079948
"cheap international flight tickets",386,3023,131,5,0.0433344359907377
"cheap international flight tickets",387,2864,248,2,0.0865921787709497
"cheap international flight tickets",388,2842,182,3,0.0640394088669951
"cheap international flight tickets",389,2226,193,2,0.0867026055705301
"cheap international flight tickets",390,2992,424,1,0.141711229946524
"cheap international flight tickets",391,2368,205,2,0.0865709459459459
"cheap international flight tickets",392,2397,207,2,0.0863579474342929
"cheap international flight tickets",393,2016,129,3,0.0639880952380952
"cheap international flight tickets",394,1965,170,2,0.0865139949109415
"cheap international flight tickets",395,2115,135,3,0.0638297872340425
"cheap international flight tickets",396,2537,131,4,0.0516357903035081
"cheap international flight tickets",397,2391,80,7,0.0334588038477624
"cheap international flight tickets",398,2675,231,2,0.0863551401869159
"cheap international flight tickets",399,2416,105,5,0.0434602649006623
"cheap international flight tickets",400,2648,170,3,0.0641993957703928
"cheap international flight tickets",401,2572,223,2,0.0867029548989113
"cheap international flight tickets",402,2236,143,3,0.063953488372093
"cheap international flight tickets",403,2297,325,1,0.141488898563343
"cheap international flight tickets",404,2758,391,1,0.141769398114576
"cheap international flight tickets",405,2336,202,2,0.086472602739726
"cheap international flight tickets",406,2462,349,1,0.141754670999188
"cheap international flight tickets",407,2448,212,2,0.0866013071895425
"cheap international flight tickets",408,2559,132,4,0.0515826494724502
"cheap international flight tickets",409,2139,137,3,0.0640486208508649
"cheap international flight tickets",410,2498,84,7,0.033626901521217
"cheap international flight tickets",411,3026,429,1,0.14177131526768
"cheap international flight tickets",412,2669,231,2,0.0865492693892844
"cheap international flight tickets",413,2505,129,4,0.051497005988024
"cheap international flight tickets",414,2930,151,4,0.0515358361774744
"cheap international flight tickets",415,3033,194,3,0.06396307286515
"cheap international flight tickets",416,2550,361,1,0.14156862745098
"cheap international flight tickets",417,2476,159,3,0.06421647819063
"cheap international flight tickets",418,2165,82,6,0.0378752886836028
"cheap international flight tickets",419,2228,316,1,0.141831238779174
"cheap international flight tickets",420,2568,222,2,0.0864485981308411
"cheap international flight tickets",421,2209,191,2,0.0864644635581711
"cheap international flight tickets",422,2328,101,5,0.0433848797250859
"cheap international flight tickets",423,2491,128,4,0.0513849859494179
"cheap international flight tickets",424,2163,187,2,0.0864539990753583
"cheap international flight tickets",425,2623,168,3,0.0640487990850171
"cheap international flight tickets",426,2278,197,2,0.0864793678665496
"cheap international flight tickets",427,2632,136,4,0.0516717325227964
"cheap international flight tickets",428,2499,216,2,0.0864345738295318
"cheap international flight tickets",429,3156,273,2,0.0865019011406844
"cheap international flight tickets",430,2878,148,4,0.0514246004169562
"cheap international flight tickets",431,2370,205,2,0.0864978902953586
"cheap international flight tickets",432,2608,113,5,0.0433282208588957
"cheap international flight tickets",433,2011,174,2,0.08652411735455
"cheap international flight tickets",434,2298,199,2,0.0865970409051349
"cheap international flight tickets",435,2492,94,6,0.0377207062600321
"cheap international flight tickets",436,2902,126,5,0.0434183321847002
"cheap international flight tickets",437,2698,173,3,0.06412157153447
"cheap international flight tickets",438,2932,254,2,0.0866302864938608
"cheap international flight tickets",439,2444,211,2,0.0863338788870704
"cheap international flight tickets",440,2840,123,5,0.0433098591549296
"cheap international flight tickets",441,2590,87,7,0.0335907335907336
"cheap international flight tickets",442,2605,134,4,0.0514395393474088
"cheap international flight tickets",443,2335,202,2,0.0865096359743041
"cheap international flight tickets",444,3085,134,5,0.0434359805510535
"cheap international flight tickets",445,2119,300,1,0.141576215195847
"cheap international flight tickets",446,2858,183,3,0.0640307907627712
"cheap international flight tickets",447,3146,162,4,0.0514939605848697
"cheap international flight tickets",448,2163,138,3,0.0638002773925104
"cheap international flight tickets",449,2500,129,4,0.0516
"cheap international flight tickets",450,2627,227,2,0.0864103540159878
"cheap international flight tickets",451,1965,170,2,0.0865139949109415
"cheap international flight tickets",452,2491,353,1,0.141710156563629
"cheap international flight tickets",453,2864,148,4,0.0516759776536313
"cheap international flight tickets",454,2417,209,2,0.0864708316094332
"cheap international flight tickets",455,2150,111,4,0.0516279069767442
"cheap international flight tickets",456,2239,115,4,0.0513622152746762
"cheap international flight tickets",457,2258,145,3,0.0642161204605846
"cheap international flight tickets",458,2408,124,4,0.0514950166112957
"cheap international flight tickets",459,2382,337,1,0.141477749790092
"cheap international flight tickets",460,2839,182,3,0.0641070799577316
"cheap international flight tickets",461,2662,230,2,0.0864012021036814
"cheap international flight tickets",462,2717,385,1,0.1417004048583
"cheap international flight tickets",463,2797,122,5,0.043618162316768
"cheap international flight tickets",464,2204,312,1,0.141560798548094
"cheap international flight tickets",465,2435,92,6,0.037782340862423
"cheap international flight tickets",466,2480,351,1,0.141532258064516
"cheap international flight tickets",467,2706,383,1,0.141537324464154
"cheap international flight tickets",468,2770,143,4,0.0516245487364621
"cheap international flight tickets",469,2339,202,2,0.0863616930312099
"cheap international flight tickets",470,2963,153,4,0.0516368545393183
"cheap international flight tickets",471,2402,208,2,0.0865945045795171
"cheap international flight tickets",472,2315,148,3,0.0639308855291577
"cheap international flight tickets",473,2601,134,4,0.051518646674356
"cheap international flight tickets",474,2703,173,3,0.0640029596744358
"cheap international flight tickets",475,2549,163,3,0.0639466457434288
"cheap international flight tickets",476,2417,209,2,0.0864708316094332
"cheap international flight tickets",477,2297,100,5,0.043535045711798
"cheap international flight tickets",478,2570,222,2,0.0863813229571984
"cheap international flight tickets",479,3191,139,5,0.0435600125352554
"cheap international flight tickets",480,2863,248,2,0.086622424030737
"cheap international flight tickets",481,2256,144,3,0.0638297872340425
"cheap international flight tickets",482,1891,163,2,0.086197778952935
"cheap international flight tickets",483,2853,124,5,0.0434630213810025
"cheap international flight tickets",484,2831,181,3,0.0639350052984811
"cheap international flight tickets",485,2497,216,2,0.0865038045654786
"cheap international flight tickets",486,2713,235,2,0.086619977884261
"cheap international flight tickets",487,2012,129,3,0.0641153081510934
"cheap international flight tickets",488,2129,302,1,0.141850634100517
"cheap international flight tickets",489,2307,100,5,0.0433463372345037
"cheap international flight tickets",490,1950,169,2,0.0866666666666667
"cheap international flight tickets",491,2799,106,6,0.0378706680957485
"cheap international flight tickets",492,2165,187,2,0.0863741339491917
"cheap international flight tickets",493,2436,156,3,0.0640394088669951
"cheap international flight tickets",494,2617,226,2,0.0863584256782575
"cheap international flight tickets",495,2307,200,2,0.0866926744690074
"cheap international flight tickets",496,2177,188,2,0.086357372531006
"cheap international flight tickets",497,1937,167,2,0.0862157976251936
"cheap international flight tickets",498,2715,235,2,0.0865561694290976
"cheap international flight tickets",499,2019,286,1,0.141654284299158
"cheap international flight tickets",500,3251,461,1,0.141802522300831
